AlOH_Group_Content_correlation,Gravmap2016-grid-grv_ir_mean,Gravmap2016-grid-grv_cscba_mean,Opaque_Index_mean,Gravmap2016-grid-grv_cscba_std,MgOH_Group_Content_mean,IntrusionsBndys_UnconformableBndys,RockUnitBndyFaults_LAO_Geological boundary,RockUnitBndyFaults_CSP_Geological boundary,MetamorphicBoundaries_Faults,Magmap2019-grid-tmi_rtp_enhancement-Phase-AWAGS_MAG_2019_std,MetamorphicBoundaries_Unconformities,Magmap2019-grid-tmi_rtp_enhancement-PGrav-AWAGS_MAG_2019_mean,RockUnitBndyFaults_LAO_Unconformable boundary,Magmap2019-grid-tmi_rtp_enhancement-Phase-AWAGS_MAG_2019_mean,AlOH_Group_Content_mean,Gravmap2016-grid-grv_cscba_correlation,RockUnitBndyFaults_LAO_Faulted boundary,Magmap2019-grid-tmi_rtp_enhancement-Phase-AWAGS_MAG_2019_correlation,Opaque_Index_correlation,Magmap2019-grid-tmi_rtp_enhancement-PGrav-AWAGS_MAG_2019_dissimilarity,Magmap2019-grid-tmi_rtp_enhancement-Phase-AWAGS_MAG_2019_dissimilarity,MetamorphicFacies_Benambran_Subgreenschist facies,MetamorphicFacies_Benambran_Upper Greenschist,RockUnits_LAO_Serpentinite,MetamorphicFacies_Benambran_Greenschist facies,RockUnits_LAO_Ultramafic igneous rock,RockUnits_LAO_Sandstone,RockUnits_LAO_Granite,RockUnits_LAO_Siliciclastic sedimentary rock,RockUnits_LAO_Mudstone,RockUnits_LAO_Igneous rock,RockUnits_LAO_Conglomerate,RockUnits_LAO_Pyroclastic rock,RockUnits_LAO_Andesite,RockUnits_LAO_Phyllite,RockUnits_LAO_Shale,RockUnits_LAO_Tuff and lapilli tuff,RockUnits_LAO_Sedimentary rock,RockUnits_LAO_Rhyolite,RockUnits_LAO_Dacite,RockUnits_LAO_Granodiorite,RockUnits_LAO_Monzonite,RockUnits_LAO_Pyroxenite,RockUnits_LAO_Siltstone,label
-0.5515661456581946,0.44743128898146034,1.4272170837935456,0.050202058738981384,3.266972582128093,1.874979394582045,0.21218014218740863,-0.8095666305898106,-0.6818193419845865,-0.5070466026153999,-1.3351093141400594,1.6891669683156287,0.7542026780355005,0.5317544565388955,-1.6945204113951549,2.053743697425041,0.23632694743803265,0.7779554614839121,-1.012066032629484,-0.5141956005921748,1.2922913792632889,-1.2587316040988064,0.0,0.0,0.0,1.0,1.0,0.0,0.0,0.0,0.0,0.0,0.0,0.0,0.0,0.0,0.0,0.0,0.0,0.0,0.0,0.0,0.0,0.0,0.0,1
0.5930799937647087,0.7538580281496235,1.5735784802574295,-0.5210467798359492,-0.21016567450445753,-0.5929814722889485,-0.021850535627429772,-0.5332771477350985,-0.5692910576863395,0.028676737138506877,0.8056991868902469,1.4720416041908355,1.2684338243532582,0.17670022949463632,-1.0089312620286308,0.723953755924974,0.11633643179953829,-0.12986613154614832,1.0922537851159793,-0.28825289980017416,1.889839955601346,-0.08032902483599325,0.0,0.0,0.0,1.0,1.0,0.0,0.0,0.0,0.0,0.0,0.0,0.0,0.0,0.0,0.0,0.0,0.0,0.0,0.0,0.0,0.0,0.0,0.0,1
-0.2978584329998643,-1.3815168763778807,-0.2623898156354066,-0.583847924639377,0.409913369904687,-0.13275003105192704,-0.8468422022151753,0.1328723240281947,-0.6031953613990702,0.5467178086727635,-0.06777788073282136,-0.6007036788510962,0.0842493524219061,-0.3507080101983525,-0.3304902088394288,-0.4718501117994865,1.0358964878215877,-0.7620422612890059,0.6718076839193631,-0.2505576904955888,-0.8051041236832944,-0.5517697591166512,0.0,1.0,1.0,0.0,0.0,0.0,0.0,0.0,0.0,0.0,0.0,0.0,0.0,0.0,0.0,0.0,0.0,0.0,0.0,0.0,0.0,0.0,0.0,1
0.14455664341637825,0.7938568959350234,1.9233821282522419,-0.5142030681505686,-0.5685630886133556,6.183759760264997,0.8540932491562501,-0.7444100951730457,-0.67564199125989,1.0774087038497298,-2.8505674012769955,4.222685531326425,-0.17439068181340917,3.176677724379148,-2.229733638116662,3.0607731329062475,0.3623428861907195,1.9406928265155095,0.06022928301312192,-0.2621353852414668,1.4498051839860004,-1.6943061793893892,0.0,0.0,1.0,1.0,0.0,0.0,0.0,0.0,0.0,0.0,0.0,0.0,0.0,0.0,0.0,0.0,0.0,0.0,0.0,0.0,0.0,0.0,0.0,1
-0.6592451860964169,0.6724923374899556,1.5510001016346726,0.04376090130114013,2.2606592490937407,3.2259070597590442,0.14357119605551127,-0.4923602663817674,-0.6123393553160625,-0.44213531031859005,-1.0355037645652192,1.6884384562355443,0.8544852788539704,0.3959424390726896,-1.7568012232075303,2.0465853031175043,-0.4080038610881842,0.39913996833638044,-0.6443718077739561,-0.4564560625493884,1.569075879823077,-1.1702617452566193,0.0,0.0,0.0,1.0,1.0,0.0,0.0,0.0,0.0,0.0,0.0,0.0,0.0,0.0,0.0,0.0,0.0,0.0,0.0,0.0,0.0,0.0,0.0,1
-0.36640857019894574,1.506758432458516,0.9000094695595657,2.8985172084460724,0.7986494371392201,-0.6596816833360777,-0.029959084559767833,-0.47016207645725505,-0.636076133622207,-0.9714438127571803,1.418588346630135,-0.6034440189765687,-0.4168552082446736,1.0065233472192447,-0.7299699409418742,0.3514973550437364,0.8201361004948541,-0.7281708652780674,0.667794303942365,-0.005300459266591891,-0.2751980461867042,-0.21383083885460755,1.0,0.0,0.0,0.0,0.0,1.0,0.0,0.0,0.0,0.0,0.0,0.0,0.0,0.0,0.0,0.0,0.0,0.0,0.0,0.0,0.0,0.0,0.0,1
0.02394671306912253,1.0992850576768343,1.8701085683196053,-0.24327250760660862,0.3796386323360728,3.5491014988442444,-0.3894262729810766,-0.7113654232724259,-0.5181191506164672,-0.13030304456796468,0.08110196564303246,2.5449442574730403,0.7646751017693177,-0.11193268034449522,-0.5095699797826556,1.1459325634505384,-0.5207547218093953,0.4027975812791751,-0.8048625496495129,-0.36284641924287314,1.5088429833282009,0.6640930306469083,0.0,0.0,0.0,1.0,0.0,1.0,0.0,0.0,0.0,0.0,0.0,0.0,0.0,0.0,0.0,0.0,0.0,0.0,0.0,0.0,0.0,0.0,0.0,1
-0.28766439991083315,-1.2156913675704966,-0.17790933799155864,-0.583847924639377,0.9613701981456542,-0.13275003105192704,-0.7679638428839153,0.6209439813588922,-0.6818474626394218,0.5242364176409054,-0.022599124096835097,-0.6181446663530528,0.022544478867039874,-0.4790798047284428,-0.6952235208905294,-0.5002989137643719,1.123245123661171,-0.7651407578788165,0.2946881089784653,-0.25102802941901037,-0.6879846027210346,-0.14887323979480568,0.0,1.0,1.0,0.0,0.0,0.0,0.0,0.0,0.0,0.0,0.0,0.0,0.0,0.0,0.0,0.0,0.0,0.0,0.0,0.0,0.0,0.0,0.0,1
