AlOH_Group_Content_correlation,Magmap2019-grid-tmi_rtp_enhancement-Phase-AWAGS_MAG_2019_mean,MetamorphicFacies_Benambran_Subgreenschist facies,Gravmap2016-grid-grv_cscba_std,RockUnits_CSP_Clastic sediment,RockUnitBndyFaults_LAO_Faulted boundary,RockUnits_CSP_Null,Gravmap2016-grid-grv_cscba_mean,MetamorphicBoundaries_Unconformities,Ferric_Oxide_Content_dissimilarity,Radmap2019-grid-dose_terr-AWAGS_RAD_2019_mean,Magmap2019-grid-tmi_rtp_enhancement-PGrav-AWAGS_MAG_2019_mean,Gravmap2019-grid-dem_ellips_dx,Magmap2019-grid-tmi_rtp_05vd-AWAGS_MAG_2019_correlation,FeOH_Group_Content_mean,Silica_Index_dissimilarity,Gravmap2019-grid-grv_cscba_1vd-IncludesAirborne_std,Gravmap2019-grid-grv_fa_dissimilarity,Green_Vegetation_correlation,Gravmap2019-grid-grv_fa_correlation,Gravmap2019-grid-grv_cscba_1vd_dissimilarity,Opaque_Index_correlation,IntrusionsBndys_UnconformableBndys,MetamorphicBoundaries_MetamorphicBndys,Gravmap2019-grid-grv_cscba_1vd_std,Silica_Index_correlation,Magmap2019-grid-tmi_1vd-AWAGS_MAG_2019_correlation,label
-0.5515661456581948,-1.6945204113951549,0.0,3.266972582128092,0.0,0.7779554614839128,0.0,1.4272170837935458,1.6891669683156283,0.7508565471507382,-0.6547653036963755,0.7542026780355005,-0.3321771064327011,-0.3849893701751964,0.7036232736116094,0.1059799191229554,0.1729515329082416,0.3144067398428241,0.5578680723488196,0.4186263343582967,-0.6031715992373914,-0.5141956005921748,0.2121801421874088,0.4399108268288739,4.086381137842611,-1.6331593453273814,-0.0611454930700834,1
0.5930799937647091,-1.0089312620286308,0.0,-0.2101656745044574,1.0,-0.1298661315461488,0.0,1.5735784802574295,1.4720416041908355,-0.527539400946894,-0.7654538730170625,1.2684338243532582,-0.2646617584102667,-0.2010662081841489,-0.0453691864534164,0.313768982300696,1.65561044718649,1.2539286226461364,0.1683764538736903,-2.378566935908432,1.022742949606781,-0.2882528998001741,-0.0218505356274295,0.1605348729673661,-0.0653850513769281,-0.2809733058773445,-0.5661932863436735,1
-0.2978584329998647,-0.3304902088394288,0.0,0.4099133699046869,1.0,-0.7620422612890061,0.0,-0.2623898156354066,-0.600703678851096,0.0691890350031601,-0.021511799029626,0.0842493524219061,0.2557812373317825,0.0495010656145992,-0.0964208106326724,-0.5971723054342543,0.2444034060472703,-1.1964348446475697,1.1947328859625757,1.3082423980869229,-1.3091646514100808,-0.2505576904955889,-0.8468422022151753,-0.9480621419408716,0.9770434670625394,0.5225195245528673,0.2942509587338605,1
0.1445566434163788,-2.229733638116662,0.0,-0.5685630886133555,1.0,1.94069282651551,0.0,1.923382128252242,4.222685531326424,0.0219607537347684,-0.6288669570951207,-0.1743906818134091,-0.666204869934298,-0.3135839309468465,2.098799086434261,1.7581018125947734,0.2219353732178076,-0.6893300443078529,0.0358741405648787,0.5793668273548177,1.423165631533582,-0.262135385241467,0.8540932491562502,0.9771438168595749,-0.186757693044397,1.870042626131256,-0.4920852266988257,1
-0.6592451860964171,-1.7568012232075303,0.0,2.2606592490937403,0.0,0.3991399683363812,1.0,1.5510001016346728,1.688438456235544,0.5887001289554634,-0.7307280068703081,0.8544852788539704,-0.3591182075906172,-0.4599273252455389,2.669219384960733,0.1932214994762894,0.2901634156786705,0.3031071220091693,0.5085143714443,-0.1577184135252244,-0.3381688330642622,-0.4564560625493887,0.1435711960555113,0.4904448577368477,3.858569597382591,-1.7606994625856494,-0.0806859522877622,1
-0.3664085701989456,-0.7299699409418738,1.0,0.79864943713922,1.0,-0.7281708652780672,0.0,0.900009469559566,-0.6034440189765686,-1.513407325522817,-0.1485531444534448,-0.4168552082446736,-2.1024617947826423,0.728694389825515,-0.6681989670249836,-1.0828419578855764,0.8728910810350485,-0.4211708210847316,0.8577059802121446,1.014687726533564,-0.3548044692667595,-0.0053004592665916,-0.0299590845597676,-0.3973534125005584,-0.2912632273407526,-0.2604251158046122,2.770937932250166,1
0.0239467130691232,-0.5095699797826556,0.0,0.3796386323360727,1.0,0.4027975812791738,0.0,1.8701085683196057,2.54494425747304,-0.0425067480726552,-1.1853485320232178,0.7646751017693177,-0.4128744083399097,-0.6570431866369566,1.4759692485037677,0.962488425953689,0.1117718372223129,0.5745735504518973,-1.2785091820245684,0.3217576999675234,-0.966237063025248,-0.3628464192428732,-0.3894262729810767,-0.4621947633154253,0.7579170560414125,1.981021799168932,0.11578687192349,1
-0.2876643999108334,-0.6952235208905292,0.0,0.9613701981456536,1.0,-0.7651407578788173,0.0,-0.1779093379915586,-0.6181446663530527,-0.0511263583421707,-0.1027998460678157,0.0225444788670398,0.2996737849356809,0.0046380369233107,-0.0964208106326724,-0.5797736996657836,0.9058562628527153,-1.431797616109589,1.6995144267464588,1.429357086220079,-0.9557303454236704,-0.2510280294190105,-0.7679638428839154,-0.9682677374666396,1.4904608106490795,0.8895655099697255,0.2938265014306536,1
