Magmap2019-grid-tmi_1vd-AWAGS_MAG_2019_mean,Magmap2019-grid-tmi_1vd-AWAGS_MAG_2019_std,Magmap2019-grid-tmi_1vd-AWAGS_MAG_2019_dissimilarity,Magmap2019-grid-tmi_1vd-AWAGS_MAG_2019_correlation,Magmap2019-grid-tmi_rtp_05vd-AWAGS_MAG_2019_mean,Magmap2019-grid-tmi_rtp_05vd-AWAGS_MAG_2019_correlation,Magmap2019-grid-tmi_rtp_as-AWAGS_MAG_2019_correlation,Magmap2019-grid-tmi_rtp_enhancement-PGrav-AWAGS_MAG_2019_mean,Magmap2019-grid-tmi_rtp_enhancement-PGrav-AWAGS_MAG_2019_dissimilarity,Magmap2019-grid-tmi_rtp_enhancement-PGravTHD-AWAGS_MAG_2019_dissimilarity,Magmap2019-grid-tmi_rtp_enhancement-PGravTHD-AWAGS_MAG_2019_correlation,Magmap2019-grid-tmi_rtp_enhancement-Phase-AWAGS_MAG_2019_mean,Magmap2019-grid-tmi_rtp_enhancement-Phase-AWAGS_MAG_2019_std,Magmap2019-grid-tmi_rtp_enhancement-Phase-AWAGS_MAG_2019_dissimilarity,Magmap2019-grid-tmi_rtp_enhancement-Phase-AWAGS_MAG_2019_correlation,Gravmap2016-grid-grv_cscba_mean,Gravmap2016-grid-grv_cscba_std,Gravmap2016-grid-grv_cscba_dissimilarity,Gravmap2016-grid-grv_ir_mean,Gravmap2019-grid-grv_cscba_1vd_std,Gravmap2019-grid-grv_cscba_1vd_dissimilarity,Gravmap2019-grid-grv_cscba_1vd_correlation,Gravmap2019-grid-grv_cscba_1vd-IncludesAirborne_std,Gravmap2019-grid-grv_cscba_1vd-IncludesAirborne_dissimilarity,Gravmap2019-grid-grv_cscba_tilt_std,Gravmap2019-grid-grv_fa_std,Gravmap2019-grid-grv_fa_dissimilarity,Gravmap2019-grid-grv_fa_correlation,Radmap2019-grid-dose_terr-AWAGS_RAD_2019_mean,Radmap2019-grid-dose_terr-AWAGS_RAD_2019_std,Radmap2019-grid-dose_terr-AWAGS_RAD_2019_dissimilarity,Radmap2019-grid-dose_terr-AWAGS_RAD_2019_correlation,Radmap2019-grid-k_conc-AWAGS_RAD_2019_dissimilarity,Radmap2019-grid-thk_ratio-AWAGS_RAD_2019_std,Radmap2019-grid-thk_ratio-AWAGS_RAD_2019_dissimilarity,Radmap2019-grid-thk_ratio-AWAGS_RAD_2019_correlation,Radmap2019-grid-u_conc-AWAGS_RAD_2019_dissimilarity,Radmap2019-grid-u_conc-AWAGS_RAD_2019_correlation,Radmap2019-grid-u2th_ratio-AWAGS_RAD_2019_dissimilarity,Radmap2019-grid-u2th_ratio-AWAGS_RAD_2019_correlation,Radmap2019-grid-uk_ratio-AWAGS_RAD_2019_dissimilarity,Radmap2019-grid-uth_ratio-AWAGS_RAD_2019_dissimilarity,Radmap2019-grid-uth_ratio-AWAGS_RAD_2019_correlation,AlOH_Group_Composition_correlation,AlOH_Group_Content_mean,AlOH_Group_Content_correlation,FeOH_Group_Content_mean,Ferric_Oxide_Composition_std,Ferric_Oxide_Composition_correlation,Ferric_Oxide_Content_std,Ferric_Oxide_Content_dissimilarity,Ferric_Oxide_Content_correlation,Ferrous_Iron_Index_correlation,Green_Vegetation_correlation,Gypsum_Index_correlation,Opaque_Index_correlation,Quartz_Index_dissimilarity,Quartz_Index_correlation,Silica_Index_mean,Silica_Index_dissimilarity,Silica_Index_correlation,Gravmap2019-grid-ausdrape_ellips_dy,Gravmap2019-grid-dem_ellips_dx,Gravmap2019-grid-dem_ellips_dy,IntrusionsBndys_FaultedBndys,IntrusionsBndys_GeologicalBndys,IntrusionsBndys_IntrusiveBndys,IntrusionsBndys_UnconformableBndys,MetamorphicBoundaries_Faults,MetamorphicBoundaries_MetamorphicBndys,MetamorphicBoundaries_Unconformities,RockUnitBndyFaults_CSP_Geological boundary,RockUnitBndyFaults_LAO_Faulted boundary,RockUnitBndyFaults_LAO_Geological boundary,RockUnitBndyFaults_LAO_Unconformable boundary,MetamorphicIsograds,Intrusions_Tabberabberan_Dacite,Intrusions_Tabberabberan_Granite,Intrusions_Tabberabberan_Granitic rock,Intrusions_Tabberabberan_Granodiorite,Intrusions_Tabberabberan_Igneous rock,Intrusions_Tabberabberan_Null,Intrusions_Tabberabberan_Rhyolite,Intrusions_Tabberabberan_Sandstone,MetamorphicFacies_Benambran_Greenschist facies,MetamorphicFacies_Benambran_Subgreenschist facies,MetamorphicFacies_Benambran_Upper Greenschist,MetamorphicFacies_KanimblanTablelands_Greenschist facies,MetamorphicFacies_KanimblanTablelands_Subgreenschist facies,MetamorphicFacies_Tabberabberan_Amphibolite facies,MetamorphicFacies_Tabberabberan_Greenschist facies,MetamorphicFacies_Tabberabberan_Subgreenschist facies,MetamorphicFacies_Tabberabberan_Upper Greenschist,RockUnits_CSP_Anthropogenic material,RockUnits_CSP_Clastic sediment,RockUnits_CSP_Clay,RockUnits_CSP_Ferricrete,RockUnits_CSP_Null,RockUnits_CSP_Sand,RockUnits_CSP_Saprolite,RockUnits_CSP_Sediment,RockUnits_CSP_Silt,RockUnits_LAO_Andesite,RockUnits_LAO_Basalt,RockUnits_LAO_Conglomerate,RockUnits_LAO_Dacite,RockUnits_LAO_Granite,RockUnits_LAO_Granodiorite,RockUnits_LAO_Igneous rock,RockUnits_LAO_Limestone,RockUnits_LAO_Monzonite,RockUnits_LAO_Mudstone,RockUnits_LAO_Phyllite,RockUnits_LAO_Pyroclastic breccia,RockUnits_LAO_Pyroclastic rock,RockUnits_LAO_Pyroxenite,RockUnits_LAO_Rhyolite,RockUnits_LAO_Sandstone,RockUnits_LAO_Schist,RockUnits_LAO_Sedimentary rock,RockUnits_LAO_Serpentinite,RockUnits_LAO_Shale,RockUnits_LAO_Siliciclastic sedimentary rock,RockUnits_LAO_Siltstone,RockUnits_LAO_Tuff and lapilli tuff,RockUnits_LAO_Ultramafic igneous rock,label
-1.10513151979463,5.304586234234965,-0.04774013212148261,-0.06114549307008342,-0.028494955872314227,-0.3849893701751964,1.2909754313616733,0.7542026780355005,1.2922913792632889,0.6444561476148373,-0.16759985775603356,-1.6945204113951549,-1.3351093141400594,-1.2587316040988061,-1.0120660326294846,1.4272170837935458,3.266972582128092,0.32794113756668575,0.44743128898146034,4.086381137842611,-0.6031715992373914,0.6666310593360056,0.1729515329082416,-0.6043809312779577,0.5878747603891967,0.2250776136124607,0.3144067398428241,0.4186263343582967,-0.6547653036963755,-0.9741039407485313,-0.2358651239678815,-0.15184103529464846,-0.44712361476788204,-0.5551294308309646,-0.29503723608583016,0.6468563726335674,1.0226247174852885,-1.2743036618092647,0.15676214068721853,-1.057269917753943,-1.0035177641388562,-0.064621186294683,-0.2665271623511378,-0.5422604189886236,2.053743697425041,-0.5515661456581948,0.7036232736116094,0.7658587544211561,-0.8759067869169691,1.1536046625132217,0.7508565471507382,-0.6052830425531724,-0.393830327255065,0.5578680723488196,2.1160520885698717,-0.5141956005921748,0.7649610973817739,-0.6347086573423534,1.4958469854909255,0.10597991912295546,-1.6331593453273814,-0.6895390699678491,-0.3321771064327011,-0.5038478204731431,0.6192998564584565,1.9820201550171923,0.13469071274279815,0.21218014218740888,-0.5070466026153998,0.43991082682887395,1.6891669683156285,-0.6818193419845843,0.7779554614839128,-0.8095666305898107,0.531754456538896,1.190595037248563,0.0,0.0,0.0,0.0,0.0,1.0,0.0,0.0,1.0,0.0,0.0,0.0,1.0,0.0,1.0,0.0,0.0,0.0,0.0,0.0,1.0,0.0,0.0,0.0,0.0,0.0,0.0,0.0,0.0,0.0,0.0,0.0,0.0,0.0,0.0,0.0,0.0,0.0,0.0,0.0,0.0,0.0,0.0,0.0,0.0,0.0,0.0,0.0,0.0,1.0,1
0.6149720064848362,1.018075970275926,0.012914084062258841,-0.5661932863436735,0.18066387369079656,-0.20106620818414894,-0.650543278133421,1.2684338243532582,1.889839955601346,0.4660901399458812,-1.2142100822220223,-1.0089312620286308,0.8056991868902469,-0.08032902483599325,1.0922537851159795,1.5735784802574297,-0.21016567450445747,0.31168573807225813,0.7538580281496235,-0.06538505137692817,1.022742949606781,0.11981634128115817,1.65561044718649,0.3453394916795634,1.719136096664941,-1.21715386936463,1.2539286226461364,-2.378566935908432,-0.7654538730170625,-0.9535529967624371,-0.8282266665304948,-0.2908304234905339,-1.803918004696899,-0.8581661583498353,0.2472306586349601,0.8280263721196103,-0.48092169815839464,-0.588622954069864,-0.014205381725318118,0.7440372733413794,-0.08519669449009853,0.1473772217107856,0.9745549407357454,-0.5508587159200043,0.723953755924974,0.5930799937647091,-0.04536918645341642,-1.4849180826641324,-0.4291013803227946,-0.22825170630351885,-0.527539400946894,-0.43992086777662254,-0.4154595630103087,0.16837645387369035,-0.32091252070141213,-0.2882528998001741,-0.43910939091709195,1.196088957910078,1.9935160908831508,0.31376898230069605,-0.28097330587734454,-0.5774682492469754,-0.26466175841026673,-0.5632603894619206,-0.003746426517774025,-0.36032041832547995,-0.06463175194477405,-0.021850535627429574,0.028676737138506884,0.16053487296736615,1.4720416041908355,-0.5692910576863411,-0.12986613154614887,-0.5332771477350993,0.17670022949463635,0.6860310314414412,0.0,0.0,0.0,0.0,0.0,1.0,0.0,0.0,1.0,0.0,0.0,0.0,1.0,0.0,1.0,0.0,0.0,0.0,1.0,0.0,0.0,0.0,0.0,0.0,0.0,0.0,0.0,0.0,0.0,0.0,0.0,0.0,0.0,0.0,0.0,0.0,0.0,0.0,0.0,0.0,0.0,0.0,0.0,0.0,0.0,0.0,0.0,0.0,0.0,1.0,1
0.7596178185599096,0.7115369061376684,-1.092295291366313,0.29425095873386053,0.39224291240002884,0.049501065614599264,-0.2642456405967529,0.0842493524219061,-0.8051041236832944,-0.24399869698948617,-0.02914071048457085,-0.3304902088394288,-0.06777788073282136,-0.5517697591166512,0.6718076839193636,-0.26238981563540664,0.40991336990468696,-1.448469238433805,-1.3815168763778807,0.9770434670625394,-1.3091646514100808,1.424071603615643,0.2444034060472703,-0.016437310803780986,0.2841908001854695,-0.6389078410528616,-1.1964348446475697,1.3082423980869227,-0.021511799029626046,-0.4141541790863328,-1.1590517849798925,1.1975922841649551,-1.432231537081976,-0.41622800810873545,-0.8922846156063139,0.8585563850339423,-0.909924558062146,0.0045539549749338765,-1.5337167300444616,-0.12453003070650778,-1.680654974565135,-1.1230967856352898,1.0037794012561791,-0.17457156364364093,-0.4718501117994865,-0.29785843299986475,-0.09642081063267241,-0.41992658969941304,0.21012412783907425,0.6489069905016324,0.06918903500316012,-0.1150430808524981,-0.47395629029531317,1.1947328859625757,0.7337832728500026,-0.2505576904955889,1.1538418878045784,-1.4569042938292762,-1.0627864965859675,-0.5971723054342543,0.5225195245528673,0.5539974085238752,0.2557812373317825,0.47882466236819776,-1.171553028959637,-0.5443588016340447,-0.7930485473571544,-0.8468422022151753,0.5467178086727639,-0.9480621419408716,-0.600703678851096,-0.6031953613990684,-0.7620422612890061,0.13287232402819385,-0.35070801019835257,-0.6351511011569222,0.0,0.0,0.0,0.0,0.0,1.0,0.0,0.0,0.0,0.0,1.0,0.0,1.0,0.0,1.0,0.0,0.0,0.0,1.0,0.0,0.0,0.0,0.0,0.0,0.0,0.0,0.0,0.0,0.0,0.0,0.0,0.0,0.0,0.0,0.0,0.0,0.0,0.0,0.0,0.0,0.0,0.0,0.0,0.0,1.0,0.0,0.0,0.0,0.0,0.0,1
-0.4161135804714839,1.5756006893852121,-0.7035384024034084,-0.49208522669882576,-1.3884080102206058,-0.3135839309468465,-0.8856491008939488,-0.17439068181340917,1.4498051839860004,0.36119950370387355,-1.4595166540619615,-2.229733638116662,-2.8505674012769955,-1.694306179389389,0.060229283013121845,1.923382128252242,-0.5685630886133555,-0.642303019757002,0.7938568959350234,-0.18675769304439702,1.423165631533582,-1.142204522257717,0.22193537321780762,1.0970513160176198,0.5538911095627658,-1.0102098282150656,-0.6893300443078529,0.5793668273548177,-0.6288669570951207,-1.3502639293477854,-0.015504358374119577,0.1131493048578698,0.18143781824554353,-0.9907214714420243,1.851453482968884,-0.008239644467298128,2.154527041677542,-0.31415877261175124,0.6273727418543591,-0.7653443757346281,1.7975750613293096,0.9316803448898133,-1.0748663150017195,-0.1985945249467309,3.0607731329062475,0.14455664341637886,2.098799086434261,-1.285800747419363,-0.23587210928311286,0.44418858689192237,0.021960753734768485,-0.3150246876737692,-0.1940988193778557,0.03587414056487873,-0.30755464883449957,-0.262135385241467,0.5263236703578142,0.3482928252718755,3.172248700003814,1.7581018125947734,1.8700426261312557,-1.28468712428677,-0.666204869934298,-0.2614441418027758,1.0939875208054728,2.4754742625058443,1.6303148118575341,0.8540932491562502,1.07740870384973,0.9771438168595747,4.222685531326424,-0.6756419912598882,1.9406928265155101,-0.7444100951730458,3.1766777243791484,0.673984635355679,0.0,0.0,0.0,0.0,0.0,1.0,0.0,0.0,1.0,0.0,0.0,0.0,1.0,0.0,1.0,0.0,0.0,0.0,1.0,0.0,0.0,0.0,0.0,0.0,0.0,0.0,0.0,0.0,0.0,0.0,0.0,0.0,0.0,0.0,0.0,0.0,0.0,0.0,0.0,0.0,0.0,0.0,0.0,0.0,1.0,0.0,0.0,0.0,0.0,0.0,1
-1.0618285798006493,5.5023143297637125,0.1619036352250057,-0.08068595228776221,-0.2731637312611599,-0.4599273252455389,0.8475192856375442,0.8544852788539704,1.569075879823077,0.7418175055127391,-0.3114277930288763,-1.7568012232075303,-1.0355037645652192,-1.170261745256619,-0.6443718077739561,1.5510001016346728,2.2606592490937403,0.36045193655554214,0.672492337489956,3.858569597382591,-0.33816883306426226,0.23427572270929412,0.2901634156786705,-0.12479013894480749,0.7135697771900396,-0.04695898352608621,0.3031071220091693,-0.15771841352522442,-0.7307280068703081,-1.0090397071899,-0.08962054370913494,0.010560510234792937,-0.2235566016607365,-0.5506923236386931,-0.15104334732472788,0.3761009355571031,1.0138002915695457,-1.1281219310848294,0.17895792429867063,-0.8311820946493208,-0.8679764217658927,0.04243952618876695,0.1445969936140997,-0.5877304542466507,2.0465853031175043,-0.6592451860964171,2.6692193849607335,0.5907160355053976,-0.7155322473636307,1.1251512361228615,0.5887001289554634,0.013994522433005061,-0.5597548861291093,0.5085143714443,2.17824476540382,-0.45645606254938875,0.7331073807601085,-0.2833683244712377,1.397686390863449,0.1932214994762894,-1.7606994625856494,-0.6616743891186323,-0.35911820759061724,-0.5249832362862974,0.36227706012859656,1.611789870577649,0.12305571866225742,0.14357119605551133,-0.44213531031859005,0.4904448577368477,1.6884384562355441,-0.612339355316061,0.39913996833638127,-0.4923602663817692,0.3959424390726902,0.9683368916771697,0.0,0.0,0.0,0.0,0.0,1.0,0.0,0.0,1.0,0.0,0.0,0.0,1.0,0.0,1.0,0.0,0.0,0.0,0.0,0.0,0.0,1.0,0.0,0.0,0.0,0.0,0.0,0.0,0.0,0.0,0.0,0.0,0.0,0.0,0.0,0.0,0.0,0.0,0.0,0.0,0.0,0.0,0.0,0.0,0.0,0.0,0.0,0.0,0.0,1.0,1
0.31053870766580655,-0.4849482162543357,-0.7365114997918849,2.770937932250166,-0.07994255553764774,0.728694389825515,2.7844048270639825,-0.4168552082446736,-0.2751980461867042,-0.3470719212173988,0.43705748691548,-0.7299699409418738,1.418588346630135,-0.21383083885460755,0.6677943039423652,0.900009469559566,0.79864943713922,-0.5008302460320554,1.506758432458516,-0.29126322734075266,-0.3548044692667595,1.4696950680353553,0.8728910810350485,-0.6386213260335406,-0.8275500486450382,-0.2743719364286726,-0.42117082108473164,1.014687726533564,-0.14855314445344484,0.26882124260520956,1.1754660680437117,-0.3128351624354965,1.0835281928031482,0.06644485397691914,0.28486542501570217,-0.411392030633447,1.191307012874657,-0.594222402995251,1.16517057989941,-0.8157577194663693,0.11099655108757513,0.11644183170140449,-0.46022377017084093,-0.43482640822048196,0.3514973550437364,-0.3664085701989456,-0.6681989670249836,0.6049850929040697,1.834870880891085,-0.34127497576427,-1.513407325522817,2.437778602640035,-0.42335382999183274,0.8577059802121446,1.8281718178069002,-0.00530045926659169,-0.6562455592214276,0.5524618380647758,-0.04523080869227331,-1.0828419578855764,-0.2604251158046122,-0.43420375584725407,-2.1024617947826423,-1.684002309508837,0.002126585573540273,-0.21972108976759502,0.983343384955836,-0.029959084559767635,-0.9714438127571805,-0.39735341250055844,-0.6034440189765686,-0.6360761336222074,-0.7281708652780672,-0.4701620764572541,1.006523347219245,-0.3901524092790031,0.0,0.0,0.0,0.0,0.0,1.0,0.0,0.0,0.0,1.0,0.0,0.0,1.0,0.0,0.0,1.0,0.0,0.0,1.0,0.0,0.0,0.0,0.0,0.0,0.0,0.0,0.0,0.0,0.0,0.0,0.0,0.0,0.0,0.0,0.0,0.0,0.0,0.0,0.0,0.0,0.0,1.0,0.0,0.0,0.0,0.0,0.0,0.0,0.0,0.0,1
-0.36680863251374834,-0.6093723383586801,-0.25941927584997493,0.11578687192349008,0.0519316182385952,-0.6570431866369566,0.21188058867938808,0.7646751017693177,1.5088429833282009,1.3683053897997748,-1.2969605355886251,-0.5095699797826556,0.08110196564303246,0.6640930306469083,-0.804862549649513,1.8701085683196057,0.37963863233607276,0.05312328986400895,1.0992850576768343,0.7579170560414125,-0.9662370630252479,-0.9017513456783793,0.11177183722231296,-0.38046677083683544,0.5825333355277532,-0.3639082317217651,0.5745735504518973,0.32175769996752346,-1.1853485320232178,-1.119599242059432,-0.01720817872664963,0.6554639687432546,-0.05802617209156517,-0.884657653071519,1.9797389475015028,-0.3155592195790292,0.7195396273792367,-0.5464653019418293,1.7248642585341354,-0.444606263209641,0.6039000461455593,0.14707393357343881,0.20670571452230893,-0.3699870545117958,1.1459325634505384,0.023946713069123268,1.4759692485037677,-0.49247086918739413,-0.2927049148865336,0.21830637034796693,-0.0425067480726552,0.8624029975088553,-0.4059353959041346,-1.2785091820245684,-0.45082327113506787,-0.36284641924287325,0.8207051014696842,0.9949380182431145,3.412196174715199,0.962488425953689,1.981021799168932,0.14278425244428264,-0.41287440833990974,0.02977506211723474,0.38005449195099467,1.3914239605211463,0.6510213918049008,-0.38942627298107674,-0.13030304456796438,-0.4621947633154253,2.54494425747304,-0.5181191506164687,0.4027975812791738,-0.7113654232724259,-0.11193268034449486,2.0682240191333237,0.0,0.0,0.0,0.0,0.0,1.0,0.0,0.0,1.0,0.0,0.0,0.0,1.0,0.0,1.0,0.0,0.0,0.0,1.0,0.0,0.0,0.0,0.0,0.0,0.0,0.0,0.0,0.0,0.0,0.0,0.0,0.0,0.0,0.0,0.0,0.0,0.0,0.0,0.0,0.0,0.0,1.0,0.0,0.0,0.0,0.0,0.0,0.0,0.0,0.0,1
0.5639764673108278,0.8324089727843664,-0.9021911372870707,0.29382650143065364,0.41651898931670084,0.0046380369233107325,-0.5437567692983797,0.022544478867039874,-0.6879846027210346,0.289801174578746,-0.2672554902234212,-0.6952235208905292,-0.022599124096835097,-0.14887323979480566,0.2946881089784655,-0.17790933799155867,0.9613701981456536,-1.1319969295266537,-1.2156913675704966,1.4904608106490795,-0.9557303454236703,1.148159172242573,0.9058562628527153,0.12345272303317871,0.7230308697827385,-0.4993043567562021,-1.4317976161095893,1.429357086220079,-0.10279984606781573,-0.47491133393950247,-1.25616954507405,1.351210336042769,-1.522314408051784,-0.5558433082082374,-1.8285721513915767,0.849721443909156,-1.2791928425362615,0.6480703783593184,-1.5418151916324232,0.6947584306824514,-1.9628429373626293,-1.4394263128880842,1.8335695173254134,-0.48076777564381945,-0.5002989137643717,-0.2876643999108334,-0.09642081063267241,-0.5190681760829973,0.36323006300491717,0.6360268439833259,-0.051126358342170795,-0.259028153753425,-0.3314509574240775,1.6995144267464588,-0.17025268472519953,-0.2510280294190105,0.9574106353043229,-1.5222510562789413,-1.1480204455297538,-0.5797736996657836,0.8895655099697255,0.6785079045742015,0.2996737849356809,0.44313305382161516,-1.1343648882703579,-0.291372462499467,-0.8122649586016758,-0.7679638428839154,0.5242364176409058,-0.9682677374666397,-0.6181446663530527,-0.6818474626394196,-0.7651407578788173,0.6209439813588913,-0.4790798047284429,-0.3441060309111759,0.0,0.0,0.0,0.0,0.0,1.0,0.0,0.0,0.0,0.0,1.0,0.0,1.0,0.0,1.0,0.0,0.0,0.0,1.0,0.0,0.0,0.0,0.0,0.0,0.0,0.0,0.0,0.0,0.0,0.0,0.0,0.0,0.0,0.0,0.0,0.0,0.0,0.0,0.0,0.0,0.0,0.0,0.0,0.0,1.0,0.0,0.0,0.0,0.0,0.0,1
